French,English
chercher,search
seulement,only
police,police
genre,kind
mois,month
frère,brother
laisser,let
car,because
aucun,no
laisse,leash
eux,them
ville,city
chaque,each
parlé,speak
arrivé,come
devrait,should
bébé,baby
longtemps,long time
heures,hours
vont,will
pendant,while
revoir,meet again
aucune,any
place,square
parle,speak
savais,knew
étaient,were
attention,Warning
voici,here is
pourrais,could
affaire,case
donner,give
type,type
leurs,their
donné,given
endroit,place
yeux,eyes
façon,way
dont,whose
trouve,find
main,hand
côté,side
pouvoir,power
vieux,old
sois,be
tiens,here
matin,morning
tellement,so much
enfant,child
point,point
suite,after
pardon,sorry
venez,come
devant,in front of
vers,towards
minutes,minutes
demandé,request
chambre,bedroom
mis,placed
belle,beautiful
droit,law
aimerais,would like to
aujourd'hui,today
enfin,finally
eau,water
attendez,Wait
parti,left
nouvelle,new
boulot,job
arrêter,Stop
dirait,would say
terre,Earth
compte,account
fin,end
croire,believe
chérie,sweetheart
gros,large
plutôt,rather
aura,will have
filles,girls
bureau,office
